{
  "title": "CAPS LOCK: Converts 'jkl;' to arrow keys, and 'spacebar' to a shift+opt modifier for easy text selection",
  "maintainer": ["Egstad"],
  "homepage": "https://github.com/egstad/KE-complex_modifications",
  "rules": [
    {
      "description": "CAPS LOCK: Converts 'jkl;' to arrow keys",
      "manipulators": [
        {
          "type": "basic",
          "from": {
            "key_code": "j",
            "modifiers": {
              "optional": ["any"]
            }
          },
          "to": [
            {
              "key_code": "left_arrow"
            }
          ],
          "conditions": [
            {
              "type": "variable_if",
              "name": "caps_lock pressed",
              "value": 1
            }
          ]
        },
        {
          "type": "basic",
          "from": {
            "key_code": "k",
            "modifiers": {
              "optional": ["any"]
            }
          },
          "to": [
            {
              "key_code": "up_arrow"
            }
          ],
          "conditions": [
            {
              "type": "variable_if",
              "name": "caps_lock pressed",
              "value": 1
            }
          ]
        },
        {
          "type": "basic",
          "from": {
            "key_code": "l",
            "modifiers": {
              "optional": ["any"]
            }
          },
          "to": [
            {
              "key_code": "down_arrow"
            }
          ],
          "conditions": [
            {
              "type": "variable_if",
              "name": "caps_lock pressed",
              "value": 1
            }
          ]
        },
        {
          "type": "basic",
          "from": {
            "key_code": "semicolon",
            "modifiers": {
              "optional": ["any"]
            }
          },
          "to": [
            {
              "key_code": "right_arrow"
            }
          ],
          "conditions": [
            {
              "type": "variable_if",
              "name": "caps_lock pressed",
              "value": 1
            }
          ]
        },
        {
          "type": "basic",
          "from": {
            "key_code": "caps_lock",
            "modifiers": {
              "optional": ["any"]
            }
          },
          "to_if_alone": [
            {
              "key_code": "delete_or_backspace"
            }
          ],
          "to": [
            {
              "set_variable": {
                "name": "caps_lock pressed",
                "value": 1
              }
            }
          ],
          "to_after_key_up": [
            {
              "set_variable": {
                "name": "caps_lock pressed",
                "value": 0
              }
            }
          ]
        }
      ]
    },
    {
      "description": "CAPS LOCK + SPACEBAR: When held, 'spacebar' becomes 'left_shift' + 'left_opt' for easy text selection",
      "manipulators": [
        {
          "from": {
            "key_code": "spacebar",
            "modifiers": {
              "optional": ["any"]
            }
          },
          "to": [
            {
              "key_code": "left_shift",
              "modifiers": ["left_option"]
            }
          ],
          "conditions": [
            {
              "type": "variable_if",
              "name": "caps_lock pressed",
              "value": 1
            }
          ],
          "to_if_alone": [
            {
              "key_code": "spacebar"
            }
          ],
          "type": "basic"
        }
      ]
    }
  ]
}
