<application>
  <component name="FeatureSuggesterSettings">
    <option name="workingDays">
      <list>
        <option value="1653971277823" />
        <option value="1654563570172" />
        <option value="1654649733496" />
        <option value="1654736210195" />
        <option value="1654823184668" />
        <option value="1655082281033" />
        <option value="1655168757361" />
        <option value="1655255068392" />
        <option value="1655341308281" />
        <option value="1655427883318" />
        <option value="1655686886280" />
        <option value="1655773832127" />
        <option value="1655860098976" />
        <option value="1655946619588" />
        <option value="1656032585234" />
        <option value="1656291421950" />
        <option value="1656378369824" />
        <option value="1656465569284" />
      </list>
    </option>
  </component>
</application>